{"7aFBy1CBLGnZE1Iv6TvEZE": {"anger": 0.22423052782558076, "contempt": 0.5979480742015487, "disgust": 0.5979480742015487, "fear": 0.07474350927519359, "happiness": 0.0, "neutral": 0.29897403710077436, "sadness": 0.37371754637596794, "surprise": 0.0}, "7ATATJztoWLcqDAcVVof0C": {"anger": 0.4662524041201569, "contempt": 0.5595028849441883, "disgust": 0.27975144247209416, "fear": 0.0, "happiness": 0.18650096164806276, "neutral": 0.4662524041201569, "sadness": 0.3730019232961255, "surprise": 0.0}, "7qiZfU4dY1lWllzX7mPBI3": {"anger": 0.08980265101338746, "contempt": 0.1796053020267749, "disgust": 0.08980265101338746, "fear": 0.26940795304016235, "happiness": 0.5388159060803247, "neutral": 0.5388159060803247, "sadness": 0.5388159060803247, "surprise": 0.08980265101338746}, "6mORGLOz79w6VsCRLWYYuK": {"anger": 0.3796631983009996, "contempt": 0.0949157995752499, "disgust": 0.0949157995752499, "fear": 0.4745789978762495, "happiness": 0.0, "neutral": 0.1898315991504998, "sadness": 0.7593263966019992, "surprise": 0.0}, "0tgVpDi06FyKpA1z0VMD4v": {"anger": 0.0, "contempt": 0.0, "disgust": 0.0, "fear": 0.25916052767440806, "happiness": 0.6910947404650881, "neutral": 0.5183210553488161, "sadness": 0.43193421279068006, "surprise": 0.0}, "44uOreAESeRIBaxkuCW4wN": {"anger": 0.30304576336566325, "contempt": 0.20203050891044214, "disgust": 0.10101525445522107, "fear": 0.5050762722761054, "happiness": 0.10101525445522107, "neutral": 0.30304576336566325, "sadness": 0.7071067811865476, "surprise": 0.0}, "2NkbRmygVirMQFCjSkyY7Q": {"anger": 0.08362420100070908, "contempt": 0.08362420100070908, "disgust": 0.16724840200141816, "fear": 0.6689936080056726, "happiness": 0.0, "neutral": 0.2508726030021272, "sadness": 0.6689936080056726, "surprise": 0.0}, "7795WJLVKJoAyVoOtCWqXN": {"anger": 0.20519567041703082, "contempt": 0.30779350562554625, "disgust": 0.0, "fear": 0.41039134083406165, "happiness": 0.10259783520851541, "neutral": 0.41039134083406165, "sadness": 0.7181848464596079, "surprise": 0.0}, "5dXDq9HN54Xj9Iil87u3kB": {"anger": 0.2834733547569204, "contempt": 0.2834733547569204, "disgust": 0.3779644730092272, "fear": 0.0, "happiness": 0.472455591261534, "neutral": 0.6614378277661476, "sadness": 0.1889822365046136, "surprise": 0.0}, "56I4OIGTDhBmX8ZSJJDf1k": {"anger": 0.276172385369497, "contempt": 0.276172385369497, "disgust": 0.276172385369497, "fear": 0.0, "happiness": 0.276172385369497, "neutral": 0.8285171561084911, "sadness": 0.09205746178983235, "surprise": 0.0}, "5T5KSlHqsArMUX3c40jvr6": {"anger": 0.18569533817705186, "contempt": 0.3713906763541037, "disgust": 0.2785430072655778, "fear": 0.09284766908852593, "happiness": 0.09284766908852593, "neutral": 0.8356290217967335, "sadness": 0.18569533817705186, "surprise": 0.0}, "3wGCJz3Ay0tLt3JdkjVzmB": {"anger": 0.18257418583505536, "contempt": 0.3651483716701107, "disgust": 0.27386127875258304, "fear": 0.0, "happiness": 0.09128709291752768, "neutral": 0.8215838362577491, "sadness": 0.27386127875258304, "surprise": 0.0}, "6YUTL4dYpB9xZO5qExPf05": {"anger": 0.09667364890456635, "contempt": 0.1933472978091327, "disgust": 0.09667364890456635, "fear": 0.0, "happiness": 0.8700628401410971, "neutral": 0.3866945956182654, "sadness": 0.1933472978091327, "surprise": 0.0}, "1wMgSz5vW6txvc0RkbsvSY": {"anger": 0.19156525704423027, "contempt": 0.09578262852211514, "disgust": 0.0, "fear": 0.0, "happiness": 0.7662610281769211, "neutral": 0.5746957711326908, "sadness": 0.19156525704423027, "surprise": 0.0}, "5A6yOHdtgbq4js4JGKMbAM": {"anger": 0.11396057645963795, "contempt": 0.11396057645963795, "disgust": 0.11396057645963795, "fear": 0.0, "happiness": 0.11396057645963795, "neutral": 0.9116846116771036, "sadness": 0.3418817293789138, "surprise": 0.0}, "5OmumaYiHYXUsYZPGLFTYJ": {"anger": 0.1849000654084097, "contempt": 0.2773500981126145, "disgust": 0.09245003270420485, "fear": 0.09245003270420485, "happiness": 0.647150228929434, "neutral": 0.647150228929434, "sadness": 0.1849000654084097, "surprise": 0.0}, "0vicQm86o7GnT42GdG34sA": {"anger": 0.09016696346674323, "contempt": 0.18033392693348646, "disgust": 0.09016696346674323, "fear": 0.6311687442672026, "happiness": 0.0, "neutral": 0.18033392693348646, "sadness": 0.7213357077339458, "surprise": 0.0}, "1U6JWvRennx9ej9KJOYwDm": {"anger": 0.1690308509457033, "contempt": 0.0, "disgust": 0.0, "fear": 0.0, "happiness": 0.8451542547285166, "neutral": 0.50709255283711, "sadness": 0.0, "surprise": 0.0}, "1EPQ2OcdshHjp3NfpixuxO": {"anger": 0.10050378152592121, "contempt": 0.10050378152592121, "disgust": 0.0, "fear": 0.0, "happiness": 0.9045340337332909, "neutral": 0.40201512610368484, "sadness": 0.0, "surprise": 0.0}, "45YP8rDBbwelgCkRs8kFrG": {"anger": 0.21320071635561041, "contempt": 0.21320071635561041, "disgust": 0.0, "fear": 0.0, "happiness": 0.8528028654224417, "neutral": 0.42640143271122083, "sadness": 0.0, "surprise": 0.0}, "6Uq9p5eAhwWPt9rL12mY57": {"anger": 0.0, "contempt": 0.0, "disgust": 0.0, "fear": 0.3903600291794133, "happiness": 0.29277002188455997, "neutral": 0.3903600291794133, "sadness": 0.7807200583588266, "surprise": 0.0}, "1nO2vGrP18kP5ok92k3MOH": {"anger": 0.4602873089491617, "contempt": 0.552344770738994, "disgust": 0.1841149235796647, "fear": 0.0, "happiness": 0.6444022325288263, "neutral": 0.1841149235796647, "sadness": 0.0, "surprise": 0.0}, "2bi76Yu6Gx3bGDS9scgTpL": {"anger": 0.7071067811865476, "contempt": 0.47140452079103173, "disgust": 0.3535533905932738, "fear": 0.0, "happiness": 0.3535533905932738, "neutral": 0.11785113019775793, "sadness": 0.11785113019775793, "surprise": 0.0}, "1Xa5vuc7DoqQ0ttah1nG19": {"anger": 0.25, "contempt": 0.375, "disgust": 0.25, "fear": 0.375, "happiness": 0.625, "neutral": 0.375, "sadness": 0.25, "surprise": 0.0}, "0upLyFR8Rr52ZpMp5esQoq": {"anger": 0.4390570399587614, "contempt": 0.5488212999484517, "disgust": 0.4390570399587614, "fear": 0.0, "happiness": 0.329292779969071, "neutral": 0.4390570399587614, "sadness": 0.10976425998969035, "surprise": 0.0}, "2x59pa3xDf8hHZ4N3f5fGQ": {"anger": 0.254000254000381, "contempt": 0.508000508000762, "disgust": 0.3810003810005715, "fear": 0.0, "happiness": 0.1270001270001905, "neutral": 0.508000508000762, "sadness": 0.508000508000762, "surprise": 0.0}, "0FMhMAFPLg8EljnROSoVnj": {"anger": 0.5039526306789696, "contempt": 0.3779644730092272, "disgust": 0.3779644730092272, "fear": 0.0, "happiness": 0.3779644730092272, "neutral": 0.5039526306789696, "sadness": 0.2519763153394848, "surprise": 0.0}, "1XxUDJp9zsjd6tBSvE3la4": {"anger": 0.7035264706814485, "contempt": 0.502518907629606, "disgust": 0.502518907629606, "fear": 0.0, "happiness": 0.0, "neutral": 0.0, "sadness": 0.0, "surprise": 0.0}, "6L89mwZXSOwYl76YXfX13s": {"anger": 0.09805806756909202, "contempt": 0.29417420270727607, "disgust": 0.09805806756909202, "fear": 0.0, "happiness": 0.7844645405527362, "neutral": 0.4902903378454601, "sadness": 0.19611613513818404, "surprise": 0.0}, "7rwNjuGc6Xv4qv5RhPyKLZ": {"anger": 0.0, "contempt": 0.20965696734438366, "disgust": 0.0, "fear": 0.10482848367219183, "happiness": 0.628970902033151, "neutral": 0.5241424183609592, "sadness": 0.5241424183609592, "surprise": 0.0}, "1jzDzZWeSDBg5fhNc3tczV": {"anger": 0.23094010767585027, "contempt": 0.5773502691896257, "disgust": 0.11547005383792514, "fear": 0.0, "happiness": 0.46188021535170054, "neutral": 0.5773502691896257, "sadness": 0.23094010767585027, "surprise": 0.0}, "7JNh1cfm0eXjqFVOzKLyau": {"anger": 0.12403473458920847, "contempt": 0.6201736729460423, "disgust": 0.3721042037676254, "fear": 0.0, "happiness": 0.6201736729460423, "neutral": 0.12403473458920847, "sadness": 0.24806946917841693, "surprise": 0.0}, "4aVuWgvD0X63hcOCnZtNFA": {"anger": 0.565685424949238, "contempt": 0.282842712474619, "disgust": 0.1414213562373095, "fear": 0.0, "happiness": 0.282842712474619, "neutral": 0.565685424949238, "sadness": 0.4242640687119285, "surprise": 0.0}, "5OQsiBsky2k2kDKy2bX2eT": {"anger": 0.10369516947304253, "contempt": 0.0, "disgust": 0.0, "fear": 0.20739033894608505,